URL,Status Code,Response Time (s),Depth,IP Address,Request Headers,Response Headers,Content Length,User Agent,Redirected URLs,Encoding,Cookies
http://quotes.toscrape.com,200,0.3849802017211914,0,35.211.122.109,"<CaseInsensitiveDict: {'Accept': 'text/html,application/xhtml+xml,application/xml;q=0.9,*/*;q=0.8', 'Accept-Language': 'en', 'User-Agent': 'Mozilla/5.0 (Windows NT 10.0; Win64; x64) AppleWebKit/537.36 (KHTML, like Gecko) Chrome/58.0.3029.110 Safari/537.3', 'Accept-Encoding': 'gzip, deflate'}>","<CaseInsensitiveDict: {'Content-Length': '11064', 'Date': 'Sun, 20 Oct 2024 09:16:23 GMT', 'Content-Type': 'text/html; charset=utf-8'}>",11064,"Mozilla/5.0 (Windows NT 10.0; Win64; x64) AppleWebKit/537.36 (KHTML, like Gecko) Chrome/58.0.3029.110 Safari/537.3",,utf-8,[]
http://quotes.toscrape.com/page/2/,200,0.30327749252319336,1,35.211.122.109,"<CaseInsensitiveDict: {'Referer': 'http://quotes.toscrape.com', 'Accept': 'text/html,application/xhtml+xml,application/xml;q=0.9,*/*;q=0.8', 'Accept-Language': 'en', 'User-Agent': 'Mozilla/5.0 (Windows NT 10.0; Win64; x64) AppleWebKit/537.36 (KHTML, like Gecko) Chrome/58.0.3029.110 Safari/537.3', 'Accept-Encoding': 'gzip, deflate'}>","<CaseInsensitiveDict: {'Content-Length': '13745', 'Date': 'Sun, 20 Oct 2024 09:16:27 GMT', 'Content-Type': 'text/html; charset=utf-8'}>",13745,"Mozilla/5.0 (Windows NT 10.0; Win64; x64) AppleWebKit/537.36 (KHTML, like Gecko) Chrome/58.0.3029.110 Safari/537.3",,utf-8,[]
http://quotes.toscrape.com/page/3/,200,0.3371610641479492,2,35.211.122.109,"<CaseInsensitiveDict: {'Referer': 'http://quotes.toscrape.com/page/2/', 'Accept': 'text/html,application/xhtml+xml,application/xml;q=0.9,*/*;q=0.8', 'Accept-Language': 'en', 'User-Agent': 'Mozilla/5.0 (Windows NT 10.0; Win64; x64) AppleWebKit/537.36 (KHTML, like Gecko) Chrome/58.0.3029.110 Safari/537.3', 'Accept-Encoding': 'gzip, deflate'}>","<CaseInsensitiveDict: {'Content-Length': '10029', 'Date': 'Sun, 20 Oct 2024 09:16:31 GMT', 'Content-Type': 'text/html; charset=utf-8'}>",10029,"Mozilla/5.0 (Windows NT 10.0; Win64; x64) AppleWebKit/537.36 (KHTML, like Gecko) Chrome/58.0.3029.110 Safari/537.3",,utf-8,[]
http://quotes.toscrape.com/page/4/,200,0.3058900833129883,3,35.211.122.109,"<CaseInsensitiveDict: {'Referer': 'http://quotes.toscrape.com/page/3/', 'Accept': 'text/html,application/xhtml+xml,application/xml;q=0.9,*/*;q=0.8', 'Accept-Language': 'en', 'User-Agent': 'Mozilla/5.0 (Windows NT 10.0; Win64; x64) AppleWebKit/537.36 (KHTML, like Gecko) Chrome/58.0.3029.110 Safari/537.3', 'Accept-Encoding': 'gzip, deflate'}>","<CaseInsensitiveDict: {'Content-Length': '10325', 'Date': 'Sun, 20 Oct 2024 09:16:34 GMT', 'Content-Type': 'text/html; charset=utf-8'}>",10325,"Mozilla/5.0 (Windows NT 10.0; Win64; x64) AppleWebKit/537.36 (KHTML, like Gecko) Chrome/58.0.3029.110 Safari/537.3",,utf-8,[]
http://quotes.toscrape.com/page/5/,200,0.3089320659637451,4,35.211.122.109,"<CaseInsensitiveDict: {'Referer': 'http://quotes.toscrape.com/page/4/', 'Accept': 'text/html,application/xhtml+xml,application/xml;q=0.9,*/*;q=0.8', 'Accept-Language': 'en', 'User-Agent': 'Mozilla/5.0 (Windows NT 10.0; Win64; x64) AppleWebKit/537.36 (KHTML, like Gecko) Chrome/58.0.3029.110 Safari/537.3', 'Accept-Encoding': 'gzip, deflate'}>","<CaseInsensitiveDict: {'Content-Length': '10012', 'Date': 'Sun, 20 Oct 2024 09:16:37 GMT', 'Content-Type': 'text/html; charset=utf-8'}>",10012,"Mozilla/5.0 (Windows NT 10.0; Win64; x64) AppleWebKit/537.36 (KHTML, like Gecko) Chrome/58.0.3029.110 Safari/537.3",,utf-8,[]
http://quotes.toscrape.com/page/6/,200,0.30506324768066406,5,35.211.122.109,"<CaseInsensitiveDict: {'Referer': 'http://quotes.toscrape.com/page/5/', 'Accept': 'text/html,application/xhtml+xml,application/xml;q=0.9,*/*;q=0.8', 'Accept-Language': 'en', 'User-Agent': 'Mozilla/5.0 (Windows NT 10.0; Win64; x64) AppleWebKit/537.36 (KHTML, like Gecko) Chrome/58.0.3029.110 Safari/537.3', 'Accept-Encoding': 'gzip, deflate'}>","<CaseInsensitiveDict: {'Content-Length': '10416', 'Date': 'Sun, 20 Oct 2024 09:16:39 GMT', 'Content-Type': 'text/html; charset=utf-8'}>",10416,"Mozilla/5.0 (Windows NT 10.0; Win64; x64) AppleWebKit/537.36 (KHTML, like Gecko) Chrome/58.0.3029.110 Safari/537.3",,utf-8,[]
http://quotes.toscrape.com/page/7/,404,0.36194705963134766,6,35.211.122.109,"<CaseInsensitiveDict: {'Referer': 'http://quotes.toscrape.com/page/6/', 'Accept': 'text/html,application/xhtml+xml,application/xml;q=0.9,*/*;q=0.8', 'Accept-Language': 'en', 'User-Agent': 'Mozilla/5.0 (Windows NT 10.0; Win64; x64) AppleWebKit/537.36 (KHTML, like Gecko) Chrome/58.0.3029.110 Safari/537.3', 'Accept-Encoding': 'gzip, deflate'}>","<CaseInsensitiveDict: {'Content-Length': '10722', 'Date': 'Sun, 20 Oct 2024 09:16:41 GMT', 'Content-Type': 'text/html; charset=utf-8'}>",10722,"Mozilla/5.0 (Windows NT 10.0; Win64; x64) AppleWebKit/537.36 (KHTML, like Gecko) Chrome/58.0.3029.110 Safari/537.3",,utf-8,[]
http://quotes.toscrape.com/page/8/,200,0.32602906227111816,7,35.211.122.109,"<CaseInsensitiveDict: {'Referer': 'http://quotes.toscrape.com/page/7/', 'Accept': 'text/html,application/xhtml+xml,application/xml;q=0.9,*/*;q=0.8', 'Accept-Language': 'en', 'User-Agent': 'Mozilla/5.0 (Windows NT 10.0; Win64; x64) AppleWebKit/537.36 (KHTML, like Gecko) Chrome/58.0.3029.110 Safari/537.3', 'Accept-Encoding': 'gzip, deflate'}>","<CaseInsensitiveDict: {'Content-Length': '11393', 'Date': 'Sun, 20 Oct 2024 09:16:45 GMT', 'Content-Type': 'text/html; charset=utf-8'}>",11393,"Mozilla/5.0 (Windows NT 10.0; Win64; x64) AppleWebKit/537.36 (KHTML, like Gecko) Chrome/58.0.3029.110 Safari/537.3",,utf-8,[]
http://quotes.toscrape.com/page/9/,200,0.3477513790130615,8,35.211.122.109,"<CaseInsensitiveDict: {'Referer': 'http://quotes.toscrape.com/page/8/', 'Accept': 'text/html,application/xhtml+xml,application/xml;q=0.9,*/*;q=0.8', 'Accept-Language': 'en', 'User-Agent': 'Mozilla/5.0 (Windows NT 10.0; Win64; x64) AppleWebKit/537.36 (KHTML, like Gecko) Chrome/58.0.3029.110 Safari/537.3', 'Accept-Encoding': 'gzip, deflate'}>","<CaseInsensitiveDict: {'Content-Length': '11022', 'Date': 'Sun, 20 Oct 2024 09:16:49 GMT', 'Content-Type': 'text/html; charset=utf-8'}>",11022,"Mozilla/5.0 (Windows NT 10.0; Win64; x64) AppleWebKit/537.36 (KHTML, like Gecko) Chrome/58.0.3029.110 Safari/537.3",,utf-8,[]
http://quotes.toscrape.com/page/10/,404,0.3723616600036621,9,35.211.122.109,"<CaseInsensitiveDict: {'Referer': 'http://quotes.toscrape.com/page/9/', 'Accept': 'text/html,application/xhtml+xml,application/xml;q=0.9,*/*;q=0.8', 'Accept-Language': 'en', 'User-Agent': 'Mozilla/5.0 (Windows NT 10.0; Win64; x64) AppleWebKit/537.36 (KHTML, like Gecko) Chrome/58.0.3029.110 Safari/537.3', 'Accept-Encoding': 'gzip, deflate'}>","<CaseInsensitiveDict: {'Content-Length': '9943', 'Date': 'Sun, 20 Oct 2024 09:16:52 GMT', 'Content-Type': 'text/html; charset=utf-8'}>",9943,"Mozilla/5.0 (Windows NT 10.0; Win64; x64) AppleWebKit/537.36 (KHTML, like Gecko) Chrome/58.0.3029.110 Safari/537.3",,utf-8,[]
https://plotly.com/examples/,200,0.08432602882385254,0,76.76.21.21,"<CaseInsensitiveDict: {'Accept': 'text/html,application/xhtml+xml,application/xml;q=0.9,*/*;q=0.8', 'Accept-Language': 'en', 'User-Agent': 'Mozilla/5.0 (Windows NT 10.0; Win64; x64) AppleWebKit/537.36 (KHTML, like Gecko) Chrome/58.0.3029.110 Safari/537.3', 'Accept-Encoding': 'gzip, deflate'}>","<CaseInsensitiveDict: {'Access-Control-Allow-Origin': '*', 'Age': '214461', 'Cache-Control': 'public, max-age=0, must-revalidate', 'Content-Disposition': 'inline', 'Content-Type': 'text/html; charset=utf-8', 'Date': 'Mon, 21 Oct 2024 04:34:24 GMT', 'Etag': 'W/""d81509a8540eec1c472e20c310399488""', 'Server': 'Vercel', 'Strict-Transport-Security': 'max-age=63072000', 'Vary': 'RSC, Next-Router-State-Tree, Next-Router-Prefetch', 'X-Matched-Path': '/examples', 'X-Robots-Tag': 'index', 'X-Vercel-Cache': 'HIT', 'X-Vercel-Id': 'bom1::p8259-1729485264457-7d8fe930537d'}>",425683,"Mozilla/5.0 (Windows NT 10.0; Win64; x64) AppleWebKit/537.36 (KHTML, like Gecko) Chrome/58.0.3029.110 Safari/537.3",,utf-8,[]
https://www.flipkart.com/search?q=mobiles&as=on&as-show=on&otracker=AS_Query_TrendingAutoSuggest_1_0_na_na_na&otracker1=AS_Query_TrendingAutoSuggest_1_0_na_na_na&as-pos=1&as-type=TRENDING&suggestionId=mobiles&requestId=86c78be0-cd04-40d8-b58b-a523b7241a00,200,0.7855880260467529,0,103.243.32.90,"<CaseInsensitiveDict: {'Accept': 'text/html,application/xhtml+xml,application/xml;q=0.9,*/*;q=0.8', 'Accept-Language': 'en', 'User-Agent': 'Mozilla/5.0 (Windows NT 10.0; Win64; x64) AppleWebKit/537.36 (KHTML, like Gecko) Chrome/58.0.3029.110 Safari/537.3', 'Accept-Encoding': 'gzip, deflate'}>","<CaseInsensitiveDict: {'Server': 'nginx', 'Date': 'Mon, 21 Oct 2024 04:35:14 GMT', 'Content-Type': 'text/html; charset=utf-8', 'Content-Security-Policy': ""default-src 'self'; script-src 'self' 'unsafe-eval' https://*.flixcart.com https://*.flixcart.net https://flipkart.d1.sc.omtrdc.net https://dpm.demdex.net https://tnc.phonepe.com https://js-agent.newrelic.com https://bam.nr-data.net https://www.googletagmanager.com 'nonce-7824376480092542977'; style-src 'self' 'unsafe-inline' https://*.flixcart.com https://tnc.phonepe.com https://*.flixcart.net; img-src 'self' data: blob: https://*.flixcart.com https://*.flixcart.net https://images.ixigo.com https://flipkart.d1.sc.omtrdc.net https://www.facebook.com https://*.fkapi.net https://googleads.g.doubleclick.net https://www.google.com https://www.google.co.in https://www.googleadservices.com https://sp.analytics.yahoo.com https://bat.bing.com https://bat.r.msn.com https://pay.payzippy.com https://1.pay.payzippy.com https://tnc.phonepe.com; font-src 'self' data: https://*.flixcart.com https://tnc.phonepe.com https://*.flixcart.net; frame-src 'self' https://*.flipkart.com http://*.flipkart.com https://*.youtube.com https://youtube.com https://*.vimeo.com https://pay.payzippy.com https://1.pay.payzippy.com https://tnc.phonepe.com https://cdemux.appspot.com https://static-assets-web.flixcart.com/ 'nonce-7824376480092542977'; worker-src 'self' https://*.flipkart.com blob:; child-src 'self' https://*.flipkart.com 'nonce-7824376480092542977'; connect-src 'self' *; object-src 'none'; base-uri 'self'; media-src https://static-assets-web.flixcart.com/; report-uri https://csp-flkt.domdog.io/report-uri/flipkart.com/3/1-1"", 'Content-Security-Policy-Report-Only': ""form-action 'self'; manifest-src 'self'; report-uri https://csp-flkt.domdog.io/report-uri/flipkart.com/3/2-1"", 'X-Xss-Protection': '1; mode=block', 'X-Content-Type-Options': 'nosniff', 'X-Frame-Options': 'SAMEORIGIN', 'Set-Cookie': 'T=TI172948531461500147607946216943149519512295661562271664805482389591; Max-Age=31536000; Domain=flipkart.com; Path=/; Expires=Tue, 21 Oct 2025 04:35:14 GMT; Secure; SameSite=None,T=TI172948531461500147607946216943149519512295661562271664805482389591; Max-Age=31536000; Domain=flipkart.net; Path=/; Expires=Tue, 21 Oct 2025 04:35:14 GMT; Secure; SameSite=None,SN=VI8E61013557464E0E9F1435B5A5B5702E.TOKEE5DE21A1504407B91541B631F38EE81.1729485314652.LO; Max-Age=15778476; Domain=flipkart.com; Path=/; Expires=Mon, 21 Apr 2025 19:29:50 GMT; HttpOnly,at=eyJhbGciOiJIUzI1NiIsInR5cCI6IkpXVCIsImtpZCI6IjFkOTYzYzUwLTM0YjctNDA1OC1iMTNmLWY2NDhiODFjYTBkYSJ9.eyJleHAiOjE3MzEyMTMzMTQsImlhdCI6MTcyOTQ4NTMxNCwiaXNzIjoia2V2bGFyIiwianRpIjoiMjI4YjIxNTEtOGJjNy00ODAyLTgzZmYtNDQyYTk2OTA5MGM4IiwidHlwZSI6IkFUIiwiZElkIjoiVEkxNzI5NDg1MzE0NjE1MDAxNDc2MDc5NDYyMTY5NDMxNDk1MTk1MTIyOTU2NjE1NjIyNzE2NjQ4MDU0ODIzODk1OTEiLCJrZXZJZCI6IlZJOEU2MTAxMzU1NzQ2NEUwRTlGMTQzNUI1QTVCNTcwMkUiLCJ0SWQiOiJtYXBpIiwidnMiOiJMTyIsInoiOiJDSCIsIm0iOnRydWUsImdlbiI6NH0.kEI2zW_oi3wgsAtHQlR5u-HqUVRcfwt8ePPrncqnZ1Q; Max-Age=15778476; Domain=flipkart.com; Path=/; Expires=Mon, 21 Apr 2025 19:29:50 GMT; HttpOnly,rt=null; Max-Age=15778476; Domain=flipkart.com; Path=/; Expires=Mon, 21 Apr 2025 19:29:50 GMT; HttpOnly,K-ACTION=null; Max-Age=15778476; Domain=flipkart.com; Path=/; Expires=Mon, 21 Apr 2025 19:29:50 GMT; HttpOnly,ud=5.C-qjxZfTgyj7ggjhZvArzqipJTaVqG2EW8v8eHTZdKBgbLXx962kza5bLOaYLZ_yhX_p3S0W7aOAcAB7iq2mvlHOYeNfpqH-fFpAhJOhjuXemnky240pUxoFCTZ6AKztzG23t4xkjvMP6HytUFSvtw; Max-Age=15778476; Domain=flipkart.com; Path=/; Expires=Mon, 21 Apr 2025 19:29:50 GMT; HttpOnly', 'Accept-Ch': 'Sec-CH-UA,Sec-CH-UA-Arch,Sec-CH-UA-Full-Version,Sec-CH-UA-Full-Version-List,Sec-CH-UA-Model,Sec-CH-UA-Platform,Sec-CH-UA-Platform-Version'}>",568956,"Mozilla/5.0 (Windows NT 10.0; Win64; x64) AppleWebKit/537.36 (KHTML, like Gecko) Chrome/58.0.3029.110 Safari/537.3",,utf-8,"[b'T=TI172948531461500147607946216943149519512295661562271664805482389591; Max-Age=31536000; Domain=flipkart.com; Path=/; Expires=Tue, 21 Oct 2025 04:35:14 GMT; Secure; SameSite=None', b'T=TI172948531461500147607946216943149519512295661562271664805482389591; Max-Age=31536000; Domain=flipkart.net; Path=/; Expires=Tue, 21 Oct 2025 04:35:14 GMT; Secure; SameSite=None', b'SN=VI8E61013557464E0E9F1435B5A5B5702E.TOKEE5DE21A1504407B91541B631F38EE81.1729485314652.LO; Max-Age=15778476; Domain=flipkart.com; Path=/; Expires=Mon, 21 Apr 2025 19:29:50 GMT; HttpOnly', b'at=eyJhbGciOiJIUzI1NiIsInR5cCI6IkpXVCIsImtpZCI6IjFkOTYzYzUwLTM0YjctNDA1OC1iMTNmLWY2NDhiODFjYTBkYSJ9.eyJleHAiOjE3MzEyMTMzMTQsImlhdCI6MTcyOTQ4NTMxNCwiaXNzIjoia2V2bGFyIiwianRpIjoiMjI4YjIxNTEtOGJjNy00ODAyLTgzZmYtNDQyYTk2OTA5MGM4IiwidHlwZSI6IkFUIiwiZElkIjoiVEkxNzI5NDg1MzE0NjE1MDAxNDc2MDc5NDYyMTY5NDMxNDk1MTk1MTIyOTU2NjE1NjIyNzE2NjQ4MDU0ODIzODk1OTEiLCJrZXZJZCI6IlZJOEU2MTAxMzU1NzQ2NEUwRTlGMTQzNUI1QTVCNTcwMkUiLCJ0SWQiOiJtYXBpIiwidnMiOiJMTyIsInoiOiJDSCIsIm0iOnRydWUsImdlbiI6NH0.kEI2zW_oi3wgsAtHQlR5u-HqUVRcfwt8ePPrncqnZ1Q; Max-Age=15778476; Domain=flipkart.com; Path=/; Expires=Mon, 21 Apr 2025 19:29:50 GMT; HttpOnly', b'rt=null; Max-Age=15778476; Domain=flipkart.com; Path=/; Expires=Mon, 21 Apr 2025 19:29:50 GMT; HttpOnly', b'K-ACTION=null; Max-Age=15778476; Domain=flipkart.com; Path=/; Expires=Mon, 21 Apr 2025 19:29:50 GMT; HttpOnly', b'ud=5.C-qjxZfTgyj7ggjhZvArzqipJTaVqG2EW8v8eHTZdKBgbLXx962kza5bLOaYLZ_yhX_p3S0W7aOAcAB7iq2mvlHOYeNfpqH-fFpAhJOhjuXemnky240pUxoFCTZ6AKztzG23t4xkjvMP6HytUFSvtw; Max-Age=15778476; Domain=flipkart.com; Path=/; Expires=Mon, 21 Apr 2025 19:29:50 GMT; HttpOnly']"
https://www.enam.gov.in/web/,200,0.18620824813842773,0,23.54.81.200,"<CaseInsensitiveDict: {'Accept': 'text/html,application/xhtml+xml,application/xml;q=0.9,*/*;q=0.8', 'Accept-Language': 'en', 'User-Agent': 'Mozilla/5.0 (Windows NT 10.0; Win64; x64) AppleWebKit/537.36 (KHTML, like Gecko) Chrome/58.0.3029.110 Safari/537.3', 'Accept-Encoding': 'gzip, deflate', 'Cookie': 'SERVERID=node1'}>","<CaseInsensitiveDict: {'Content-Length': '17578', 'Vary': 'Accept-Encoding', 'X-Xss-Protection': '1; mode=block,: 1;mode=block', 'Content-Type': 'text/html; charset=UTF-8', 'X-Frame-Options': 'SAMEORIGIN', 'X-Content-Type-Options': 'nosniff', 'Content-Security-Policy': 'default-src: self', 'Permissions-Policy': ': geolocation=(selfhttps://enam.gov.in)', 'Referrer-Policy': 'no-referrer-when-downgrade', 'X-Akamai-Transformed': '9 15530 0 pmb=mRUM,1', 'Expires': 'Mon, 21 Oct 2024 04:37:40 GMT', 'Cache-Control': 'max-age=0, no-cache, no-store', 'Pragma': 'no-cache', 'Date': 'Mon, 21 Oct 2024 04:37:40 GMT', 'Set-Cookie': 'ci_session=nci1gjafrtptbcfo33qmailormerhhaq; path=/; HttpOnly; Secure', 'Server-Timing': 'cdn-cache; desc=MISS,edge; dur=31,origin; dur=117,ak_p; desc=""1729485460349_389435844_608502057_14773_8486_37_0_-"";dur=1', 'Alt-Svc': 'h3="":443""; ma=93600', 'Strict-Transport-Security': 'max-age=15768000 ; includeSubDomains'}>",67457,"Mozilla/5.0 (Windows NT 10.0; Win64; x64) AppleWebKit/537.36 (KHTML, like Gecko) Chrome/58.0.3029.110 Safari/537.3",,utf-8,[b'ci_session=nci1gjafrtptbcfo33qmailormerhhaq; path=/; HttpOnly; Secure']
https://www.nasa.gov/,200,0.044998884201049805,0,192.0.66.108,"<CaseInsensitiveDict: {'Accept': 'text/html,application/xhtml+xml,application/xml;q=0.9,*/*;q=0.8', 'Accept-Language': 'en', 'User-Agent': 'Mozilla/5.0 (Windows NT 10.0; Win64; x64) AppleWebKit/537.36 (KHTML, like Gecko) Chrome/58.0.3029.110 Safari/537.3', 'Accept-Encoding': 'gzip, deflate'}>","<CaseInsensitiveDict: {'Server': 'nginx', 'Date': 'Mon, 21 Oct 2024 04:40:40 GMT', 'Content-Type': 'text/html; charset=UTF-8', 'Vary': 'Accept-Encoding', 'Host-Header': 'a9130478a60e5f9135f765b23f26593b', 'X-Launch-Status': 'Go Flight!', 'Link': '<https://www.nasa.gov/wp-json/>; rel=""https://api.w.org/"",<https://www.nasa.gov/wp-json/wp/v2/pages/128943>; rel=""alternate""; type=""application/json"",<https://www.nasa.gov/>; rel=shortlink', 'Strict-Transport-Security': 'max-age=31536000;includeSubdomains;preload', 'Cache-Control': 'max-age=300, must-revalidate', 'Accept-Ranges': 'bytes', 'X-Rq': 'bom2 123 243 443', 'X-Cache': 'HIT'}>",332386,"Mozilla/5.0 (Windows NT 10.0; Win64; x64) AppleWebKit/537.36 (KHTML, like Gecko) Chrome/58.0.3029.110 Safari/537.3",,utf-8,[]
https://www.nasa.gov/,200,0.04000091552734375,0,192.0.66.108,"<CaseInsensitiveDict: {'Accept': 'text/html,application/xhtml+xml,application/xml;q=0.9,*/*;q=0.8', 'Accept-Language': 'en', 'User-Agent': 'Mozilla/5.0 (Windows NT 10.0; Win64; x64) AppleWebKit/537.36 (KHTML, like Gecko) Chrome/58.0.3029.110 Safari/537.3', 'Accept-Encoding': 'gzip, deflate'}>","<CaseInsensitiveDict: {'Server': 'nginx', 'Date': 'Mon, 21 Oct 2024 04:40:40 GMT', 'Content-Type': 'text/html; charset=UTF-8', 'Vary': 'Accept-Encoding', 'Host-Header': 'a9130478a60e5f9135f765b23f26593b', 'X-Launch-Status': 'Go Flight!', 'Link': '<https://www.nasa.gov/wp-json/>; rel=""https://api.w.org/"",<https://www.nasa.gov/wp-json/wp/v2/pages/128943>; rel=""alternate""; type=""application/json"",<https://www.nasa.gov/>; rel=shortlink', 'Strict-Transport-Security': 'max-age=31536000;includeSubdomains;preload', 'Cache-Control': 'max-age=300, must-revalidate', 'X-Rq': 'bom2 123 243 443', 'Accept-Ranges': 'bytes', 'X-Cache': 'HIT'}>",332386,"Mozilla/5.0 (Windows NT 10.0; Win64; x64) AppleWebKit/537.36 (KHTML, like Gecko) Chrome/58.0.3029.110 Safari/537.3",,utf-8,[]
https://en.wikipedia.org/wiki/Hello,200,0.11684536933898926,0,103.102.166.224,"<CaseInsensitiveDict: {'Accept': 'text/html,application/xhtml+xml,application/xml;q=0.9,*/*;q=0.8', 'Accept-Language': 'en', 'User-Agent': 'Mozilla/5.0 (Windows NT 10.0; Win64; x64) AppleWebKit/537.36 (KHTML, like Gecko) Chrome/58.0.3029.110 Safari/537.3', 'Accept-Encoding': 'gzip, deflate', 'Cookie': 'WMF-Last-Access=06-Nov-2024; NetworkProbeLimit=0.001; WMF-Last-Access-Global=06-Nov-2024; GeoIP=IN:MH:Mumbai:19.07:72.89:v4'}>","<CaseInsensitiveDict: {'Content-Length': '22176', 'Date': 'Wed, 06 Nov 2024 01:36:48 GMT', 'Vary': 'Accept-Encoding,Cookie,Authorization', 'Server': 'ATS/9.2.5', 'X-Content-Type-Options': 'nosniff', 'Content-Language': 'en', 'Accept-Ch': '', 'Last-Modified': 'Sun, 03 Nov 2024 22:22:58 GMT', 'Content-Type': 'text/html; charset=UTF-8', 'Age': '69668', 'X-Cache': 'cp5022 hit, cp5022 hit/11', 'X-Cache-Status': 'hit-front', 'Server-Timing': 'cache;desc=""hit-front"", host;desc=""cp5022""', 'Strict-Transport-Security': 'max-age=106384710; includeSubDomains; preload', 'Report-To': '{ ""group"": ""wm_nel"", ""max_age"": 604800, ""endpoints"": [{ ""url"": ""https://intake-logging.wikimedia.org/v1/events?stream=w3c.reportingapi.network_error&schema_uri=/w3c/reportingapi/network_error/1.0.0"" }] }', 'Nel': '{ ""report_to"": ""wm_nel"", ""max_age"": 604800, ""failure_fraction"": 0.05, ""success_fraction"": 0.0}', 'Set-Cookie': 'WMF-DP=acf;Path=/;HttpOnly;secure;Expires=Thu, 07 Nov 2024 00:00:00 GMT', 'X-Client-Ip': '115.98.233.86', 'Cache-Control': 'private, s-maxage=0, max-age=0, must-revalidate, no-transform', 'Accept-Ranges': 'bytes'}>",101009,"Mozilla/5.0 (Windows NT 10.0; Win64; x64) AppleWebKit/537.36 (KHTML, like Gecko) Chrome/58.0.3029.110 Safari/537.3",,utf-8,"[b'WMF-DP=acf;Path=/;HttpOnly;secure;Expires=Thu, 07 Nov 2024 00:00:00 GMT']"
https://medium.com/plotly/introducing-dash-5ecf7191b503,200,1.1170480251312256,0,162.159.152.4,"<CaseInsensitiveDict: {'Accept': 'text/html,application/xhtml+xml,application/xml;q=0.9,*/*;q=0.8', 'Accept-Language': 'en', 'User-Agent': 'Mozilla/5.0 (Windows NT 10.0; Win64; x64) AppleWebKit/537.36 (KHTML, like Gecko) Chrome/58.0.3029.110 Safari/537.3', 'Accept-Encoding': 'gzip, deflate', 'Cookie': 'uid=lo_65e1cf88d786; _cfuvid=pebnMJub6pjN.CivjhvZfpeibL2C2mjEZfm26gRm_EE-1730926698189-0.0.1.1-604800000'}>","<CaseInsensitiveDict: {'Date': 'Wed, 06 Nov 2024 20:58:23 GMT', 'Content-Type': 'text/html; charset=utf-8', 'Cf-Ray': '8de800516bd43bd0-BOM', 'Cf-Cache-Status': 'HIT', 'Cache-Control': 'no-cache, no-store, max-age=0, must-revalidate', 'Expires': 'Thu, 07 Nov 2024 20:58:23 GMT', 'Link': '<https://glyph.medium.com/css/unbound.css>; as=""style""; rel=""preload""', 'Strict-Transport-Security': 'max-age=31536000; includeSubDomains; preload', 'Vary': 'Accept-Encoding', 'Content-Security-Policy': ""frame-ancestors 'self' https://medium.com"", 'Medium-Fulfilled-By': 'edgy/8.8.0, valencia/main-20241030-200843-40bbab2e86, lite/main-20241106-190155-33a193d324, rito/main-20241106-182656-c4afaa0529, tutu/main-20241105-180753-b561c440e2', 'Medium-Missing-Time': '696', 'Worker-Cache-Key': 'medium.com/plotly/introducing-dash-5ecf7191b503?gate-enable_update_topic_portals_wtf=true&gate-enable_indexeddb=true&exp-enable_publication_hierarchy=control', 'Worker-Cache-Middleware': 'true', 'Worker-Missing-Cookies': '0', 'X-Content-Type-Options': 'nosniff', 'X-Envoy-Decorator-Operation': 'valencia.valencia-production.svc.cluster.local:80/*', 'X-Envoy-Upstream-Service-Time': '938', 'X-Request-Received-At': '1730923934095', 'Server-Timing': 'cfCacheStatus;desc=""HIT""', 'Server': 'cloudflare', 'Alt-Svc': 'h3="":443""; ma=86400'}>",226876,"Mozilla/5.0 (Windows NT 10.0; Win64; x64) AppleWebKit/537.36 (KHTML, like Gecko) Chrome/58.0.3029.110 Safari/537.3",,utf-8,[]
